Player,Nation,Pos,Squad,Age,Born,90s, Touches Att 3rd,Touches Att Pen box,Dribbles Attempted,Dribbles Succ%,Carries into the 1/3,SCA90,GCA90,Goals,Expected goals (xG),Non penalty Expected Goals (npxG),Progressive Distance,Assist,xA,Key passes
Issah Abbas,gh GHA,"DF,FW",Mainz 05,21,1998,0.2,8,1,2,50,1,0,0,0,0,0,106,0,0,0
David Abraham,ar ARG,DF,Eint Frankfurt,34,1986,13.6,100,8,6,50,9,0.15,0,1,0.7,0.7,4254,0,0.5,2
Amir Abrashi,al ALB,MF,Freiburg,30,1990,0.7,7,0,0,,0,0,0,0,0,0,27,0,0,0
Ragnar Ache,de GER,"FW,DF",Eint Frankfurt,22,1998,1.1,24,11,0,,2,0,0,1,0.3,0.3,29,0,0,0
Tyler Adams,us USA,"DF,MF",RB Leipzig,21,1999,20.6,372,20,21,85.7,34,1.31,0.15,1,0.9,0.9,5363,1,0.9,13
Sargis Adamyan,am ARM,"FW,MF",Hoffenheim,27,1993,5.3,160,42,11,27.3,17,4.13,1.13,2,2.2,2.2,473,3,1.8,12
Felix Agu,de GER,DF,Werder Bremen,20,1999,7.8,92,8,12,33.3,5,0.77,0.13,1,0.6,0.6,1143,0,0.4,3
Naouirou Ahamada,fr FRA,MF,Stuttgart,18,2002,2.8,33,4,13,69.2,4,0.71,0,0,0.3,0.3,330,0,0,1
Manuel Akanji,ch SUI,DF,Dortmund,25,1995,26.1,102,32,15,86.7,19,0.57,0.04,2,1.8,1.8,12696,0,0.1,2
Kevin Akpoguma,ng NGA,DF,Hoffenheim,25,1995,13.2,56,9,11,63.6,8,0.38,0.08,1,0.1,0.1,4237,0,0.4,2
David Alaba,at AUT,"DF,MF",Bayern Munich,28,1992,29.7,336,29,16,87.5,35,1.65,0.2,2,1.3,1.3,12716,4,2.3,25
Lucas Alario,ar ARG,FW,Leverkusen,27,1992,13.8,245,79,26,76.9,6,1.95,0.22,11,6.5,5,332,2,0.7,12
Omar Alderete,py PAR,DF,Hertha BSC,23,1996,14.4,24,9,22,77.3,5,0.48,0,0,0.5,0.5,7067,0,0.1,2
Nadiem Amiri,de GER,MF,Leverkusen,23,1996,21,485,33,36,50,45,3.38,0.52,2,2.1,2.1,3887,6,2.9,37
Sebastian Andersson,se SWE,FW,Köln,29,1991,12.5,174,57,7,57.1,5,0.96,0.24,3,5.5,4.7,400,0,0.3,5
Robert Andrich,de GER,MF,Union Berlin,25,1994,28.1,332,23,25,72,27,1.96,0.29,5,2.5,2.5,6113,2,2.2,24
Angeliño,es ESP,"DF,FW",RB Leipzig,23,1997,24,705,91,40,45,29,3.83,0.25,4,3.8,3.8,7278,4,5,56
Waldemar Anton,de GER,DF,Stuttgart,24,1996,30.1,100,27,17,58.8,10,0.93,0.17,0,1.2,1.2,13005,1,0.4,7
Charles Aránguiz,cl CHI,MF,Leverkusen,31,1989,18.5,191,14,13,76.9,11,1.67,0.05,0,0.7,0.7,5425,0,0.8,15
Santiago Arias,co COL,DF,Leverkusen,28,1992,1,16,2,0,,1,1,0,0,0,0,324,0,0,0
Maximilian Arnold,de GER,MF,Wolfsburg,26,1994,28.7,477,14,17,82.4,40,3.2,0.42,3,2,2,8729,6,4.8,50
Toluwalas Arokodare,ng NGA,FW,Köln,19,2000,1.2,32,13,1,100,1,0.8,0,0,0.4,0.4,39,0,0,1
Santiago Ascacíbar,ar ARG,MF,Hertha BSC,23,1997,8.5,72,12,11,54.5,5,1.54,0.12,1,0.6,0.6,1450,0,0.2,6
Ludwig Augustinsson,se SWE,DF,Werder Bremen,26,1994,21.7,470,35,14,50,19,2.9,0.28,0,0.9,0.9,6861,4,2.8,43
Taiwo Awoniyi,ng NGA,FW,Union Berlin,22,1997,15.1,227,78,35,54.3,20,2.19,0.4,5,6.9,6.9,524,2,1.5,20
Mehmet-Can Aydin,de GER,DF,Schalke 04,18,2002,5.6,52,5,8,37.5,7,0.72,0,0,0,0,948,0,0.5,3
Leon Bailey,jm JAM,"FW,MF",Leverkusen,22,1997,23.8,761,116,153,56.9,64,4.12,0.59,9,6.9,6.9,2717,8,6.1,50
Ridle Baku,de GER,DF,Mainz 05,22,1998,2,26,1,2,100,5,0.5,0,0,0,0,708,0,0,0
Ridle Baku,de GER,"FW,DF",Wolfsburg,22,1998,29.8,729,89,64,51.6,46,2.86,0.54,6,3.3,3.3,6156,7,4.5,43
Philipp Bargfrede,de GER,MF,Werder Bremen,31,1989,0.3,3,0,0,,0,0,0,0,0,0,52,0,0,0
Aymen Barkok,ma MAR,"FW,MF",Eint Frankfurt,22,1998,10.9,328,34,41,48.8,24,3.59,0.55,2,1.6,1.6,1951,3,3,25
Leandro Barreiro Martins,lu LUX,MF,Mainz 05,20,2000,25.6,273,53,15,46.7,12,1.21,0.08,2,3.3,3.3,2698,2,2.1,18
Jacob Barrett Laursen,dk DEN,DF,Arminia,25,1994,12.3,120,6,11,100,7,0.57,0.08,0,0,0,3086,1,1.2,4
Oliver Baumann,de GER,GK,Hoffenheim,30,1990,31,0,0,0,,0,0.06,0,0,0,0,15923,0,0,0
Julian Baumgartlinger,at AUT,MF,Leverkusen,32,1988,11.9,138,10,7,100,4,1.93,0.17,2,1.4,1.4,2389,0,0.3,8
Christoph Baumgartner,at AUT,"MF,FW",Hoffenheim,20,1999,26.3,531,107,82,52.4,55,3,0.42,6,5.5,5.5,3234,3,3,32
Noah Joel Sarenren Bazee,ng NGA,"FW,MF",Augsburg,23,1996,0.4,6,2,4,25,0,2.5,2.5,0,0,0,23,1,0.7,1
Ihlas Bebou,tg TOG,FW,Hoffenheim,26,1994,24.4,562,144,78,65.4,29,2.9,0.57,9,9.1,9.1,1601,7,5,37
Sheraldo Becker,sr SUR,"FW,MF",Union Berlin,25,1995,12.3,240,55,21,57.1,23,3.01,0.73,3,2,2,1172,3,3.2,19
Timo Becker,de GER,DF,Schalke 04,23,1997,18.2,168,11,35,51.4,13,0.49,0.16,0,0.2,0.2,4036,0,0.3,3
Brian Behrendt,de GER,DF,Arminia,28,1991,0.9,8,0,1,100,0,2.28,0,0,0,0,310,0,0,0
Maximilian Beier,de GER,FW,Hoffenheim,17,2002,0.1,2,0,0,,1,0,0,0,0,0,4,0,0,0
Ishak Belfodil,dz ALG,FW,Hoffenheim,28,1992,6.6,134,38,29,55.2,8,2.87,0.15,0,1.6,1.6,259,1,1,7
Stefan Bell,de GER,DF,Mainz 05,28,1991,14.1,28,15,0,,0,0.43,0.14,1,0.4,0.4,3044,1,1.3,3
Karim Bellarabi,de GER,"FW,MF",Leverkusen,30,1990,8.9,308,52,40,67.5,26,3.38,0.11,0,2.2,2.2,1320,0,1.8,14
Jude Bellingham,eng ENG,MF,Dortmund,17,2003,18.9,436,68,51,60.8,28,2.17,0.37,1,3,3,3230,3,3.3,14
Lars Bender,de GER,DF,Leverkusen,31,1989,10.4,165,13,12,58.3,24,1.63,0.29,1,1.2,0.5,3771,2,0.5,7
Sven Bender,de GER,DF,Leverkusen,31,1989,13,22,12,3,33.3,1,0.92,0.15,0,0.1,0.1,4943,0,0.4,4
László Bénes,sk SVK,"MF,FW",Augsburg,22,1997,7.3,102,8,7,42.9,4,3.14,0.14,1,0.4,0.4,1041,1,0.6,9
László Bénes,sk SVK,MF,M'Gladbach,22,1997,1.7,32,2,1,0,4,3.6,1.2,0,0.1,0.1,387,1,0.4,4
Ramy Bensebaini,dz ALG,DF,M'Gladbach,25,1995,20.1,231,33,22,72.7,14,0.99,0.2,4,2.3,1.6,7228,0,0.4,8
Nabil Bentaleb,dz ALG,MF,Schalke 04,25,1994,6.1,64,4,10,80,6,0.66,0,0,0.8,0,961,0,0.1,1
Louis Beyer,de GER,DF,M'Gladbach,20,2000,2.1,5,0,2,100,1,0.96,0,0,0,0,476,0,0,0
Bartosz Bialek,pl POL,"FW,MF",Wolfsburg,18,2001,3,53,23,5,20,2,3.33,0.67,2,2.1,2.1,327,0,0.2,4
Ermin Bičakčić,ba BIH,DF,Hoffenheim,30,1990,1.4,8,2,0,,3,0,0,1,0.4,0.4,373,0,0,0
Leonardo Bittencourt,de GER,"MF,FW",Werder Bremen,26,1993,16.8,347,49,39,46.2,32,2.68,0.24,4,4.4,3.7,1919,1,1.3,20
Jérôme Boateng,de GER,DF,Bayern Munich,31,1988,26.3,83,15,7,85.7,27,0.57,0.11,1,0.3,0.3,12361,1,0.6,6
Jean-Paul Boëtius,nl NED,"MF,FW",Mainz 05,26,1994,22.9,393,56,40,67.5,23,2.62,0.31,2,2.8,2.8,3175,4,6,32
Melayro Bogarde,nl NED,"DF,MF",Hoffenheim,18,2002,3.1,49,3,6,50,2,2.6,0.32,0,0.1,0.1,900,1,0.2,4
Elias Bördner,de GER,GK,Eint Frankfurt,18,2002,1,0,0,0,,0,0,0,0,0,0,482,0,0,0
Dennis Borkowski,de GER,MF,RB Leipzig,18,2002,0.1,5,1,1,0,0,8.18,0,0,0,0,0,0,0,0
Sebastiaan Bornauw,be BEL,DF,Köln,21,1999,23.1,40,23,6,66.7,2,0.09,0.04,1,1.3,1.3,5271,1,0,1
Nassim Boujellab,ma MAR,"MF,FW",Schalke 04,21,1999,6.7,105,23,11,63.6,7,2.08,0,1,1.4,1.4,499,0,0.2,4
Dedryck Boyata,be BEL,DF,Hertha BSC,29,1990,17.2,25,17,3,66.7,2,0.47,0,1,0.6,0.6,4618,0,0.7,5
Can Bozdogan,de GER,MF,Schalke 04,19,2001,7.2,77,14,18,27.8,6,1.24,0.41,0,0.4,0.4,622,2,0.5,5
Julian Brandt,de GER,"FW,MF",Dortmund,24,1996,16.6,545,65,47,66,26,4.03,0.54,3,3,3,3145,2,2.8,30
Fabian Bredlow,de GER,GK,Stuttgart,25,1995,1,0,0,0,,0,0,0,0,0,0,321,0,0,0
Josip Brekalo,hr CRO,FW,Wolfsburg,22,1998,20.2,535,65,45,57.8,46,3.62,0.55,7,3.7,3.7,3049,3,3.4,37
Joshua Brenet,nl NED,DF,Hoffenheim,26,1994,0,0,0,1,100,0,0,0,0,0,0,0,0,0,0
John Brooks,us USA,DF,Wolfsburg,27,1993,30.8,51,26,11,63.6,14,0.71,0.03,2,1.6,1.6,11502,0,0.5,5
Daniel Brosinski,de GER,DF,Mainz 05,32,1988,15.9,314,8,20,45,19,2.45,0.25,2,1.8,0.3,5544,1,2.4,24
Cédric Brunner,ch SUI,DF,Arminia,26,1994,29.5,301,14,39,82.1,21,0.85,0.03,0,0.4,0.4,8397,1,1.1,17
Jacob Bruun Larsen,dk DEN,FW,Hoffenheim,21,1998,1,14,3,3,33.3,0,2.02,0,0,0,0,7,0,0,0
Marius Bülter,de GER,"FW,MF",Union Berlin,27,1993,10.9,197,21,24,54.2,21,2.12,0.28,1,2,2,954,0,1.2,11
Jonathan Burkardt,de GER,"FW,DF",Mainz 05,20,2000,15.3,287,76,50,46,20,1.9,0.33,2,4.5,4.5,1192,0,1.5,11
Nishan Burkart,ch SUI,MF,Freiburg,20,2000,0.2,1,0,1,100,0,0,0,0,0,0,21,0,0,0
Roman Bürki,ch SUI,GK,Dortmund,29,1990,18.5,0,0,0,,0,0.05,0.05,0,0,0,7874,0,0,0
Kerim Calhanoglu,de GER,DF,Schalke 04,17,2002,3.3,31,5,10,30,1,0,0,0,0.1,0.1,517,0,0,0
Daniel Caligiuri,it ITA,"MF,FW",Augsburg,32,1988,29.6,574,47,94,67,56,2.94,0.3,6,4.8,2.6,6675,4,3.7,48
Emre Can,de GER,"DF,MF",Dortmund,26,1994,23.7,222,29,45,82.2,45,1.43,0.25,1,0.8,0.8,9708,4,2.4,17
Koen Casteels,be BEL,GK,Wolfsburg,28,1992,32,0,0,2,100,0,0.06,0,0,0,0,17389,0,0,1
Gonzalo Castro,de GER,"MF,FW",Stuttgart,33,1987,19.2,466,47,42,64.3,43,4.01,0.26,4,3.3,3.3,4097,2,3,43
Sava Cestic,rs SRB,DF,Köln,19,2001,10,6,2,7,71.4,1,0.4,0,0,0.1,0.1,2532,0,0.1,2
Timothy Chandler,us USA,DF,Eint Frankfurt,30,1990,4.8,119,19,4,75,7,1.46,0,1,0.9,0.9,1166,0,0.3,4
Kwon Chang-hoon,kr KOR,"MF,FW",Freiburg,26,1994,2.4,48,10,11,63.6,3,2.08,0.42,0,0.1,0.1,206,0,0,1
Tahith Chong,nl NED,"FW,MF",Werder Bremen,20,1999,4.3,99,14,20,55,7,3.03,0.23,0,0.3,0.3,469,1,0.5,5
Darko Churlinov,mk MKD,"DF,FW",Stuttgart,20,2000,2.4,63,9,10,70,5,2.5,0.83,0,0.1,0.1,325,1,0.4,2
Tim Civeja,de GER,"MF,DF",Augsburg,18,2002,0.4,2,0,0,,0,2.65,0,0,0,0,88,0,0,0
Kingsley Coman,fr FRA,"FW,MF",Bayern Munich,24,1996,19.5,735,145,103,64.1,36,4.52,0.92,5,4.1,4.1,2221,10,6.6,43
Jhon Córdoba,co COL,FW,Hertha BSC,27,1993,17.1,282,95,22,77.3,16,3.1,0.29,7,7.4,7.4,498,1,1.8,23
Sergio Córdova,ve VEN,"FW,MF",Arminia,22,1997,12.1,190,34,26,34.6,13,2.39,0.17,2,3.1,3.1,646,1,1.2,15
Danny da Costa,de GER,DF,Mainz 05,27,1993,13.4,223,18,26,73.1,20,1.64,0.22,0,0.2,0.2,3670,1,1.7,14
Danny da Costa,de GER,DF,Eint Frankfurt,27,1993,1.2,31,4,2,50,0,2.45,0,0,0.2,0.2,294,0,0,0
Douglas Costa,br BRA,"FW,MF",Bayern Munich,29,1990,3.6,125,20,15,80,7,4.78,0.56,1,0.1,0.1,808,1,0.7,6
Tanguy Coulibaly,fr FRA,"DF,FW",Stuttgart,19,2001,16.7,369,69,89,64,20,2.27,0.18,2,3.2,3.2,1365,1,1.8,14
Mickaël Cuisance,fr FRA,FW,Bayern Munich,20,1999,0.2,5,0,1,0,0,0,0,0,0,0,3,0,0,0
Matheus Cunha,br BRA,"FW,MF",Hertha BSC,21,1999,23.9,613,101,128,60.9,59,4.4,0.38,7,8.1,5.8,3590,4,5,48
Rafael Czichos,de GER,DF,Köln,30,1990,25.1,36,14,8,62.5,8,0.64,0,1,1.5,1.5,10619,0,0.1,3
Moanes Dabour,il ISR,FW,Hoffenheim,28,1992,11.1,241,53,44,59.1,12,2.34,0.27,4,5.1,4.3,1229,0,1,12
Finn Dahmen,de GER,GK,Mainz 05,22,1998,3,0,0,0,,0,0.33,0,0,0,0,554,0,0,0
Mahmoud Dahoud,de GER,MF,Dortmund,24,1996,14,250,11,31,80.6,24,2.58,0.36,1,0.5,0.5,3257,1,1.2,12
Leon Dajaku,de GER,FW,Union Berlin,19,2001,0.4,6,0,2,50,0,0,0,0,0,0,42,0,0,0
Tiago Dantas,pt POR,MF,Bayern Munich,19,2000,0.8,15,2,0,,1,1.3,0,0,0,0,131,0,0,1
Márton Dárdai,de GER,DF,Hertha BSC,18,2002,9.1,48,2,3,0,3,1.1,0.11,0,0.1,0.1,3757,1,0.2,4
Vladimír Darida,cz CZE,MF,Hertha BSC,29,1990,21.1,462,50,31,61.3,36,3.12,0.43,1,1.4,1.4,3811,6,5.8,39
Alphonso Davies,ca CAN,DF,Bayern Munich,19,2000,19.6,527,39,83,71.1,66,2.4,0.26,1,0.2,0.2,6501,2,0.8,13
Thomas Delaney,dk DEN,MF,Dortmund,28,1991,14.3,156,15,12,33.3,7,1.12,0,1,0.4,0.4,2962,1,0.2,4
Kerem Demirbay,de GER,MF,Leverkusen,27,1993,19.4,493,33,42,59.5,39,3.66,0.31,4,2.4,2.4,5747,3,2.6,36
Ermedin Demirović,ba BIH,FW,Freiburg,22,1998,16.6,258,75,25,56,8,2.04,0.66,5,4.7,4.7,838,6,3.1,13
Emmanuel Dennis,ng NGA,FW,Köln,22,1997,5.3,107,29,24,58.3,11,1.9,0.19,0,0.6,0.6,204,1,1.2,4
Mike van der Hoorn,nl NED,DF,Arminia,27,1992,15.1,15,9,2,50,1,0.4,0,0,0.3,0.3,4775,0,0.1,3
Moussa Diaby,fr FRA,"FW,MF",Leverkusen,21,1999,26.5,680,114,122,46.7,74,2.94,0.64,4,5.6,5.6,2391,11,6.8,44
Daniel Didavi,de GER,"FW,MF",Stuttgart,30,1990,10.8,258,33,13,76.9,25,3.15,0.46,4,3.2,3.2,1950,3,3,25
Javairô Dilrosun,nl NED,"FW,MF",Hertha BSC,22,1998,5.9,97,19,25,48,9,2.55,0.51,0,0.8,0.8,555,1,0.5,6
Eren Dinkçi,de GER,"FW,MF",Werder Bremen,18,2001,1.2,26,8,3,33.3,0,2.5,0,1,0.4,0.4,128,0,0.1,3
Ritsu Doan,jp JPN,"MF,FW",Arminia,22,1998,30.8,655,97,130,52.3,63,2.89,0.16,5,5.2,5,3791,2,3.3,46
Ji Dong-won,kr KOR,FW,Mainz 05,29,1991,0.7,9,2,0,,0,2.9,0,0,0,0,78,0,0,1
Bas Dost,nl NED,FW,Eint Frankfurt,31,1989,9.1,141,38,1,100,2,1.98,0.33,4,4.3,3.5,701,2,2.3,11
Aleksandar Dragović,at AUT,DF,Leverkusen,29,1991,12.6,126,6,5,100,22,1.27,0.08,1,0.3,0.3,6358,0,0.4,6
Dominick Drexler,de GER,"MF,FW",Köln,30,1990,13.7,281,48,18,55.6,17,2.26,0.07,2,2.8,2.8,1589,1,1.6,14
Ondrej Duda,sk SVK,"FW,MF",Köln,25,1994,28.2,600,53,78,71.8,31,3.02,0.28,7,5.8,2.8,4615,5,4.1,44
Erik Durm,de GER,DF,Eint Frankfurt,28,1992,16.4,276,32,19,57.9,19,1.64,0.3,1,1.6,1.6,3949,2,2.1,12
Johannes Eggestein,de GER,"FW,MF",Werder Bremen,22,1998,0.4,6,1,0,,2,2.73,0,0,0,0,26,0,0,1
Maximilian Eggestein,de GER,MF,Werder Bremen,23,1996,32.7,384,30,29,55.2,44,1.77,0.28,2,1.1,1.1,6336,5,3.3,26
Lilian Egloff,de GER,MF,Stuttgart,17,2002,0.2,4,1,1,100,0,0,0,0,0,0,3,0,0,0
Kingsley Ehizibue,nl NED,DF,Köln,25,1995,12.6,200,13,31,61.3,17,1.27,0.24,0,0.5,0.5,3261,1,0.7,7
Nico Elvedi,ch SUI,DF,M'Gladbach,23,1996,28.2,33,18,3,66.7,3,0.46,0.14,3,2,2,8987,1,0.2,3
Breel Embolo,ch SUI,"FW,MF",M'Gladbach,23,1997,16,313,95,63,65.1,19,2.94,0.62,5,7,7,697,2,1,14
Keita Endo,jp JPN,"MF,FW",Union Berlin,22,1997,5.1,77,21,7,42.9,8,2.76,0,1,1.2,1.2,400,0,1.1,6
Wataru Endo,jp JPN,MF,Stuttgart,27,1993,32.8,314,27,45,64.4,43,2.04,0.18,3,2.3,2.3,8622,3,2.1,25
Patrick Erras,de GER,"FW,MF",Werder Bremen,25,1995,0.3,11,1,0,,0,6.92,0,0,0,0,77,0,0,1
Ralf Fährmann,de GER,GK,Schalke 04,31,1988,20.8,1,1,0,,0,0.34,0,0,0.1,0.1,9206,0,0.1,2
Ohis Felix Uduokhai,de GER,DF,Augsburg,22,1997,29,90,29,20,80,7,0.34,0.03,1,1.2,1.2,8174,0,0.2,3
Edimilson Fernandes,ch SUI,"MF,DF",Mainz 05,24,1996,9.3,108,5,6,66.7,8,1.61,0.11,0,0.7,0.7,1795,1,0.9,10
Alfreð Finnbogason,is ISL,FW,Augsburg,31,1989,6,105,30,8,62.5,1,3.14,0.17,0,3.1,1.6,438,1,1.4,10
Mark Flekken,nl NED,GK,Freiburg,27,1993,3,0,0,0,,0,0,0,0,0,0,2383,0,0,0
Florian Flick,de GER,MF,Schalke 04,20,2000,4,11,1,1,0,0,0.75,0.25,1,0.5,0.5,500,0,0,0
Emil Forsberg,se SWE,"FW,MF",RB Leipzig,28,1991,17.1,414,77,34,79.4,25,4.39,0.53,7,5.8,3.6,1730,4,5.3,33
Philipp Förster,de GER,"FW,MF",Stuttgart,25,1995,16.8,406,66,31,48.4,72,3.46,0.3,3,4.2,3.3,2838,1,2.6,26
Timothy Fosu-Mensah,nl NED,DF,Leverkusen,22,1998,4.5,74,4,7,57.1,5,1.32,0,0,0.2,0.2,2013,0,0.1,3
Raphael Framberger,de GER,DF,Augsburg,24,1995,17.1,238,9,31,41.9,30,1.23,0.06,0,0,0,4384,1,2,11
Marco Friedl,at AUT,DF,Werder Bremen,22,1998,30.9,117,5,17,47.1,16,0.78,0.06,0,0.7,0.7,11154,0,0.6,9
Marvin Friedrich,de GER,DF,Union Berlin,24,1995,34,164,41,20,60,26,0.76,0.15,5,1.3,1.3,11989,2,0.8,12
Jeremie Frimpong,nl NED,"DF,FW",Leverkusen,19,2000,4.8,149,16,36,50,18,2.06,0.41,0,0.1,0.1,1011,0,0.6,4
Niclas Füllkrug,de GER,"FW,MF",Werder Bremen,27,1993,9.7,175,58,22,54.5,5,1.85,0.21,6,6,4.5,542,0,0.2,6
Mijat Gaćinović,rs SRB,"DF,MF",Hoffenheim,25,1995,9.1,223,24,20,30,12,2.63,0.33,0,1.8,1.8,2012,2,1.9,10
Christian Gebauer,at AUT,"MF,FW",Arminia,26,1993,7.6,103,22,9,55.6,6,1.83,0.13,1,2,2,816,1,0.6,9
Theodor Gebre Selassie,cz CZE,DF,Werder Bremen,33,1986,33.7,460,39,12,41.7,27,1.13,0.12,3,1.4,1.4,9738,1,1.2,20
Emrehan Gedikli,de GER,FW,Leverkusen,17,2003,0.3,4,1,0,,0,3.6,0,0,0,0,9,0,0,0
Dennis Geiger,de GER,MF,Hoffenheim,22,1998,7.3,127,7,5,80,12,3.28,0.14,1,0.3,0.3,1812,1,1.7,14
Christian Gentner,de GER,MF,Union Berlin,34,1985,11.5,139,9,11,63.6,8,1.57,0.09,0,0.3,0.3,1820,0,1,7
Yannick Gerhardt,de GER,"MF,FW",Wolfsburg,26,1994,21.5,356,71,26,50,26,1.77,0.33,2,3.9,3.9,2817,4,3.4,24
Hamadi Al Ghaddioui,ma MAR,"FW,MF",Stuttgart,29,1990,0.5,14,2,0,,0,3.91,0,0,0.2,0.2,60,0,0,0
Niko Gießelmann,de GER,DF,Union Berlin,28,1991,4.8,95,4,5,40,9,1.26,0,0,0.1,0.1,1319,0,0.3,3
Rafał Gikiewicz,pl POL,GK,Augsburg,32,1987,34,0,0,1,100,0,0.09,0.03,0,0,0,17464,0,0,0
Daniel Ginczek,de GER,"FW,MF",Wolfsburg,29,1991,2.4,43,12,5,60,0,2.09,0,0,0.4,0.4,144,0,0.3,4
Matthias Ginter,de GER,DF,M'Gladbach,26,1994,34,169,41,13,76.9,37,0.88,0.15,2,2.1,2.1,15161,1,2,11
Robert Glatzel,de GER,FW,Mainz 05,26,1994,4,101,35,14,50,4,2.76,0.75,2,2.9,2.9,259,1,0.6,2
Serge Gnabry,de GER,"FW,MF",Bayern Munich,25,1995,18.3,636,142,66,54.5,45,4.32,0.6,10,8,8,2472,2,4.6,33
Akaki Gogia,de GER,FW,Union Berlin,28,1992,1.6,39,7,6,66.7,2,3.21,1.93,0,0.1,0.1,262,1,0.4,2
Nicolás González,ar ARG,"FW,DF",Stuttgart,22,1998,10.4,205,75,26,61.5,17,2.89,0.67,6,8.1,5.2,791,2,2,11
Leon Goretzka,de GER,MF,Bayern Munich,25,1995,18.9,326,61,19,63.2,30,2.43,0.74,5,4.1,4.1,4003,5,2.6,20
Jeffrey Gouweleeuw,nl NED,DF,Augsburg,29,1991,31.5,87,17,24,75,18,0.76,0.03,1,0.4,0.4,10899,0,0.2,8
Demarai Gray,eng ENG,FW,Leverkusen,24,1996,4.9,147,36,21,61.9,11,3.26,0.41,1,1.2,1.2,462,2,0.8,8
Michael Gregoritsch,at AUT,"FW,MF",Augsburg,26,1994,9.3,112,24,16,68.8,11,1.62,0.43,1,1,1,733,2,1.3,6
Sebastian Griesbeck,de GER,MF,Union Berlin,29,1990,9.9,80,10,4,25,6,0.61,0.1,0,0.4,0.4,759,0,0,1
Vincenzo Grifo,it ITA,"MF,FW",Freiburg,27,1993,25.7,645,77,67,52.2,50,4.63,0.7,9,7.9,4.9,5194,10,6.2,63
Lennart Grill,de GER,GK,Leverkusen,21,1999,4,0,0,0,,0,0.25,0,0,0,0,1883,0,0,0
Florian Grillitsch,at AUT,"MF,DF",Hoffenheim,24,1995,20.9,263,29,23,82.6,31,2.01,0.34,2,2,2,8142,1,1.7,14
Christian Groß,de GER,"MF,DF",Werder Bremen,31,1989,16.3,71,5,10,80,4,0.86,0.06,0,0.4,0.4,3716,1,0.6,5
Ilia Gruev,bg BUL,FW,Werder Bremen,20,2000,0,0,0,0,,0,0,0,0,0,0,0,0,0,0
Carlos Gruezo,ec ECU,MF,Augsburg,25,1995,23.2,111,4,14,71.4,12,0.95,0,0,0.3,0.3,3277,0,0.6,9
Mattéo Guendouzi,fr FRA,MF,Hertha BSC,21,1999,20.2,289,35,30,53.3,31,1.88,0.15,2,1,1,4570,1,1.4,15
Raphaël Guerreiro,pt POR,DF,Dortmund,26,1993,24.6,801,96,52,61.5,80,3.53,0.65,5,3.8,3.8,12371,10,7,53
Josuha Guilavogui,fr FRA,"MF,DF",Wolfsburg,29,1990,8.3,60,4,4,100,3,1.33,0,0,0.3,0.3,2169,1,0.1,4
Péter Gulácsi,hu HUN,GK,RB Leipzig,30,1990,33,0,0,0,,0,0.06,0,0,0,0,13524,0,0,0
Manuel Gulde,de GER,DF,Freiburg,29,1991,21.7,48,18,5,80,5,0.28,0.05,2,1.1,1.1,5336,0,0,0
Robert Gumny,pl POL,DF,Augsburg,22,1998,15.3,223,15,19,63.2,10,0.98,0.13,1,0.8,0.8,2979,0,0.5,7
Christian Günter,de GER,DF,Freiburg,27,1993,34,717,62,40,47.5,57,3,0.24,3,0.9,0.9,9621,3,5.9,70
Erling Haaland,no NOR,FW,Dortmund,20,2000,26.7,444,190,43,65.1,27,2.32,0.6,27,23.7,20.5,811,6,5.4,23
Janik Haberer,de GER,"MF,FW",Freiburg,26,1994,5.4,92,12,8,87.5,13,1.3,0,0,1.1,1.1,628,0,0.1,2
Alexander Hack,de GER,DF,Mainz 05,26,1993,15.2,29,15,8,87.5,5,0.72,0.07,1,0.3,0.3,4798,0,0.4,6
André Hahn,de GER,"FW,MF",Augsburg,29,1990,22.6,301,73,42,52.4,13,1.41,0.35,8,5.4,5.4,989,3,1.8,17
Amadou Haidara,ml MLI,"MF,DF",RB Leipzig,22,1998,21.2,523,65,41,56.1,36,3.17,0.19,3,4.4,4.4,4265,1,2.6,33
Marcel Halstenberg,de GER,DF,RB Leipzig,28,1991,18.3,333,31,23,73.9,51,2.89,0.22,2,1.9,1.1,9082,2,2.5,27
Amine Harit,ma MAR,"MF,FW",Schalke 04,23,1997,23.3,504,65,140,69.3,46,3.64,0.3,2,1.4,1.4,3670,5,4.9,46
Marcel Hartel,de GER,MF,Arminia,24,1996,18.7,284,27,40,52.5,20,1.55,0.05,0,1.2,1.2,2697,0,1.2,14
Makoto Hasebe,jp JPN,"DF,MF",Eint Frankfurt,36,1984,25.4,145,3,10,60,33,1.53,0.04,0,0.2,0.2,9093,0,0.2,5
Thorgan Hazard,be BEL,"FW,MF",Dortmund,27,1993,7.3,179,20,14,57.1,15,2.75,0.41,1,0.6,0.6,1594,3,2.8,13
Jonas Hector,de GER,MF,Köln,30,1990,14.3,223,41,12,50,10,2.51,0.28,3,3.4,3.4,1951,1,1.6,18
Hwang Hee-chan,kr KOR,"FW,MF",RB Leipzig,24,1996,5.1,101,33,20,55,6,2.15,0.59,0,1.6,1.6,295,1,0.9,4
Dominique Heintz,de GER,DF,Freiburg,26,1993,15.2,35,5,9,88.9,10,0.39,0,0,0.3,0.3,6231,0,0.4,3
Benjamin Henrichs,de GER,"DF,MF",RB Leipzig,23,1997,6,131,16,2,100,7,1,0.17,0,0.2,0.2,1621,1,0.6,3
Lucas Hernández,fr FRA,DF,Bayern Munich,24,1996,17.7,318,25,33,66.7,30,1.35,0.23,0,0.8,0.8,7512,2,1.2,13
Patrick Herrmann,de GER,FW,M'Gladbach,29,1991,9.7,236,46,16,62.5,13,3.8,0.31,0,2.6,2.6,1191,3,1.7,21
Martin Hinteregger,at AUT,DF,Eint Frankfurt,27,1992,28.1,121,32,16,50,13,1.1,0.14,2,2,2,11615,1,0.7,8
Marwin Hitz,ch SUI,GK,Dortmund,32,1987,15.5,0,0,0,,0,0,0,0,0,0,7364,0,0,0
Nicolas Höfler,de GER,MF,Freiburg,30,1990,30.3,268,31,55,72.7,22,1.55,0.36,1,1.5,1.5,6280,3,1.5,18
Jonas Hofmann,de GER,"FW,MF",M'Gladbach,28,1992,20.2,477,76,28,46.4,32,4.16,0.59,6,4.9,2.7,4327,11,5.5,57
Marco Höger,de GER,DF,Köln,30,1989,0.6,10,1,1,100,0,0,0,0,0,0,167,0,0,0
Lucas Höler,de GER,"FW,MF",Freiburg,26,1994,23.2,463,110,53,58.5,32,2.24,0.34,4,7.4,7.4,1284,4,3,21
Matthew Hoppe,us USA,FW,Schalke 04,19,2001,14.5,151,46,25,44,9,1.31,0.14,6,3.4,3.4,442,1,0.8,7
Jannes Horn,de GER,DF,Köln,23,1997,19.6,214,7,13,53.8,24,1.43,0.1,0,0.2,0.2,6270,1,1.6,15
Timo Horn,de GER,GK,Köln,27,1993,33.4,1,0,3,100,0,0.12,0,0,0,0,19007,0,0,1
Lukáš Hrádecký,fi FIN,GK,Leverkusen,30,1989,28.5,0,0,0,,0,0.14,0,0,0,0,19082,0,0,0
Ajdin Hrustic,au AUS,"MF,FW",Eint Frankfurt,24,1996,3,116,9,7,100,10,3.97,0.99,1,0.3,0.3,1166,0,0.4,6
Florian Hübner,de GER,DF,Union Berlin,29,1991,5.8,22,5,0,,2,0,0,0,0.1,0.1,1367,0,0,0
Mats Hummels,de GER,DF,Dortmund,31,1988,31.3,96,42,10,80,20,0.86,0.06,5,3.4,3.4,14700,0,0.9,10
Klaas-Jan Huntelaar,nl NED,FW,Schalke 04,36,1983,6.5,55,19,5,60,2,1.99,0.46,2,3.4,2.5,228,1,0.5,4
Iago,br BRA,DF,Augsburg,23,1997,17.3,242,17,19,47.4,25,1.73,0.17,1,0.9,0.9,3885,1,1.1,14
Vedad Ibišević,ba BIH,FW,Schalke 04,35,1984,1.7,17,6,0,,0,2.88,0,0,0.5,0.5,42,0,0,2
Blendi Idrizi,xk KVX,MF,Schalke 04,22,1998,2.6,24,2,1,0,1,0.38,0,1,0.5,0.5,288,0,0.2,1
Stefan Ilsanker,at AUT,"MF,DF",Eint Frankfurt,31,1989,17.5,111,12,12,83.3,13,0.74,0.06,1,1.2,1.2,4416,0,0.2,5
Marcus Ingvartsen,dk DEN,"MF,FW",Union Berlin,24,1996,21.8,338,50,43,39.5,22,2.11,0.41,3,4.1,3.4,2027,5,2.1,21
Ismail Jakobs,de GER,"DF,MF",Köln,20,1999,19.2,379,51,25,44,23,1.46,0.1,1,2,2,2715,1,2,14
Tony Jantschke,de GER,DF,M'Gladbach,30,1990,3,10,3,1,100,0,1,0,0,0.2,0.2,1490,0,0,0
Rune Jarstein,no NOR,GK,Hertha BSC,35,1984,8,0,0,0,,0,0,0,0,0,0,4035,0,0,0
Tin Jedvaj,hr CRO,DF,Leverkusen,24,1995,1.7,14,1,1,0,1,0.59,0,0,0,0,943,0,0,0
Fredrik Jensen,fi FIN,"FW,MF",Augsburg,22,1997,4.2,63,13,15,46.7,2,2.15,0.72,0,0.3,0.3,352,1,1,6
Marco John,de GER,DF,Hoffenheim,18,2002,11.1,244,28,31,45.2,7,1.81,0.09,0,0.2,0.2,2701,0,1.6,10
Luka Jović,rs SRB,"FW,MF",Eint Frankfurt,22,1997,9.9,172,51,26,73.1,8,1.51,0.3,4,2.7,2.7,899,1,0.6,5
Ozan Kabak,tr TUR,DF,Schalke 04,20,2000,13.8,44,16,23,65.2,6,0.72,0,0,1,1,3961,0,0.2,3
Pavel Kadeřábek,cz CZE,DF,Hoffenheim,28,1992,17.6,398,37,21,38.1,38,2.04,0.34,0,1.2,1.2,4948,4,3.3,23
Florian Kainz,at AUT,"FW,MF",Köln,27,1992,5,109,12,13,69.2,11,4.03,0.4,1,0.6,0.6,899,0,1,10
Sasa Kalajdzic,at AUT,FW,Stuttgart,23,1997,23.7,434,129,43,48.8,8,2.36,0.46,16,9,9,1065,5,3.5,23
Daichi Kamada,jp JPN,"MF,FW",Eint Frankfurt,23,1996,26.2,614,100,70,55.7,33,4.05,0.8,5,5.6,5.6,3946,12,7.5,52
Marcin Kamiński,pl POL,DF,Stuttgart,28,1992,2.4,18,1,0,,5,2.88,0.41,0,0,0,1522,0,0.2,2
Kevin Kampl,si SVN,MF,RB Leipzig,29,1990,21.5,337,11,22,81.8,46,2.19,0.33,0,1.2,1.2,4772,1,1.9,16
Jimmy Kaparos,de GER,MF,Schalke 04,18,2001,0.2,0,0,0,,0,0,0,0,0,0,19,0,0,0
Atakan Karazor,de GER,"DF,MF",Stuttgart,23,1996,11.5,48,5,8,87.5,7,0.78,0.09,0,0.1,0.1,3469,0,0.1,2
Loris Karius,de GER,GK,Union Berlin,27,1993,3.2,0,0,0,,0,0,0,0,0,0,1579,0,0,0
Noah Katterbach,de GER,DF,Köln,19,2001,12.3,236,4,33,66.7,22,2.11,0.24,0,0.2,0.2,4108,0,1.2,12
Yannik Keitel,de GER,MF,Freiburg,20,2000,5.5,56,4,6,66.7,4,1.08,0,0,0.3,0.3,659,0,0.2,3
Marc-Oliver Kempf,de GER,DF,Stuttgart,25,1995,30.3,145,19,32,65.6,32,1.02,0.07,2,1.3,1.3,12272,1,0.4,11
Rani Khedira,de GER,MF,Augsburg,26,1994,20.2,116,18,3,66.7,6,0.64,0,1,1,1,2189,0,0.2,7
Sami Khedira,de GER,MF,Hertha BSC,33,1987,4.4,34,5,2,100,1,1.14,0.23,0,0,0,737,1,0.5,3
Luca Kilian,de GER,DF,Mainz 05,20,1999,4.2,6,2,0,,0,0.24,0,0,0,0,1057,0,0,1
Joshua Kimmich,de GER,MF,Bayern Munich,25,1995,24.4,737,35,34,64.7,59,4.8,0.7,4,2.5,2.5,11583,10,6.6,67
Davy Klaassen,nl NED,MF,Werder Bremen,27,1993,2.5,29,2,3,33.3,1,1.22,0.41,0,0.1,0.1,215,0,0,0
Felix Klaus,de GER,"DF,MF",Wolfsburg,27,1992,1.5,35,1,2,50,4,0,0,0,0,0,197,0,0,0
Klauss,br BRA,FW,Hoffenheim,23,1997,0.6,19,2,1,100,1,5.29,0,0,0.1,0.1,100,0,0.3,2
Philipp Klement,de GER,"MF,FW",Stuttgart,27,1992,4.7,125,4,10,50,6,5.77,0.86,1,0.3,0.3,1697,2,1.7,17
Mateo Klimowicz,de GER,"FW,MF",Stuttgart,20,2000,13.3,237,47,44,54.5,26,2.7,0.6,1,3.8,3.8,958,1,1.2,13
Fabian Klos,de GER,FW,Arminia,32,1987,30.1,529,132,29,37.9,19,1.96,0.2,5,7.9,6.4,1943,2,3.5,28
Lukas Klostermann,de GER,DF,RB Leipzig,24,1996,16.1,188,27,8,37.5,9,1.31,0.06,1,0.8,0.8,6154,0,0.5,4
Justin Kluivert,nl NED,FW,RB Leipzig,21,1999,9,232,71,41,56.1,7,2.55,0.33,3,3.6,3.6,517,1,1.2,12
Lukas Klünter,de GER,DF,Hertha BSC,24,1996,11,62,3,9,66.7,14,0.73,0.27,0,0,0,2890,0,0.3,3
Ansgar Knauff,de GER,"FW,MF",Dortmund,18,2002,0.8,20,5,11,63.6,2,10.14,2.54,1,0.1,0.1,139,1,1,4
Robin Knoche,de GER,DF,Union Berlin,28,1992,33.8,63,22,8,62.5,9,0.47,0.06,1,0.9,0.9,11576,0,0.3,3
Gregor Kobel,ch SUI,GK,Stuttgart,22,1997,33,0,0,1,100,0,0.03,0,0,0,0,13874,0,0,1
Dominik Kohr,de GER,MF,Mainz 05,26,1994,14.1,163,21,6,50,13,1.42,0.14,1,0.9,0.9,2254,1,1.2,6
Dominik Kohr,de GER,"MF,FW",Eint Frankfurt,26,1994,2.9,70,8,3,100,5,1.38,0,0,0.5,0.5,686,0,0,1
Sead Kolašinac,ba BIH,"DF,MF",Schalke 04,27,1993,15.8,202,32,28,60.7,20,1.26,0.13,1,0.4,0.4,3547,1,1.6,12
Ibrahima Konaté,fr FRA,DF,RB Leipzig,21,1999,7.7,31,10,7,85.7,6,0.13,0,1,0.5,0.5,2611,0,0,0
Filip Kostić,rs SRB,DF,Eint Frankfurt,27,1992,28.2,921,120,66,51.5,70,4.26,0.85,4,3.9,3.9,8002,14,11.5,90
Nianzou Kouassi,fr FRA,"DF,MF",Bayern Munich,18,2002,1.3,5,0,1,100,2,1.53,0,0,0,0,583,0,0,0
Andrej Kramarić,hr CRO,"FW,MF",Hoffenheim,29,1991,26.4,705,144,58,70.7,65,3.4,0.53,20,16.4,12.6,2683,5,4.6,39
Christoph Kramer,de GER,MF,M'Gladbach,29,1991,22.6,213,17,26,88.5,11,1.46,0.13,0,0.4,0.4,5431,2,1.2,11
Max Kruse,de GER,"FW,MF",Union Berlin,32,1988,18.1,364,42,19,78.9,34,3.48,0.55,11,6.6,2,2330,5,4.5,38
Lukas Kübler,de GER,DF,Freiburg,27,1992,9.8,122,6,9,66.7,10,1.02,0.1,0,0.1,0.1,2426,1,0.3,4
Pierre Kunde,cm CMR,MF,Mainz 05,25,1995,5.7,69,1,4,25,6,1.4,0,0,0.1,0.1,1152,0,0.9,6
Fabian Kunze,de GER,MF,Arminia,22,1998,14.1,121,7,18,72.2,14,1.13,0,0,0.5,0.5,1898,0,0.4,5
Ahmed Kutucu,tr TUR,"FW,MF",Schalke 04,20,2000,1.2,28,5,4,75,3,0.83,0,0,0.3,0.3,35,0,0,1
Maxence Lacroix,fr FRA,DF,Wolfsburg,20,2000,28.8,48,25,15,73.3,8,0.69,0.14,1,1.6,1.6,10858,1,0.4,4
Konrad Laimer,at AUT,"DF,FW",RB Leipzig,23,1997,0.9,27,2,2,0,0,1.07,0,0,0.4,0.4,197,0,0,0
Stefan Lainer,at AUT,DF,M'Gladbach,27,1992,30.8,627,59,36,52.8,58,1.89,0.2,2,2.3,2.3,9716,2,2.4,34
Michael Langer,at AUT,GK,Schalke 04,35,1985,2.7,0,0,0,,0,0,0,0,0,0,840,0,0,0
Danny Latza,de GER,MF,Mainz 05,30,1989,20,273,31,23,69.6,14,1.75,0.15,0,1.9,1.9,2925,2,2.2,23
Valentino Lazaro,at AUT,"DF,FW",M'Gladbach,24,1996,13.8,243,37,25,48,16,2.32,0.15,2,2,2,2042,0,1,16
Mathew Leckie,au AUS,"FW,DF",Hertha BSC,29,1991,5.6,110,20,14,35.7,9,1.6,0.18,0,0.1,0.1,629,1,0.6,5
Christopher Lenz,de GER,DF,Union Berlin,25,1994,25,422,19,21,61.9,30,1.88,0.2,0,0.9,0.9,7643,3,2,19
Robert Lewandowski,pl POL,FW,Bayern Munich,31,1988,27.3,661,236,45,55.6,29,2.71,0.66,41,31.6,24.7,1538,7,3.6,30
Philipp Lienhart,at AUT,DF,Freiburg,24,1996,33.3,70,17,10,60,7,0.39,0,4,2.1,2.1,10364,0,0.3,3
Dimitris Limnios,gr GRE,"MF,FW",Köln,22,1998,4.2,92,13,12,50,8,1.19,0,0,0.6,0.6,459,0,0.5,4
Niklas Lomb,de GER,GK,Leverkusen,27,1993,1.5,0,0,0,,0,0,0,0,0,0,848,0,0,0
Eduard Löwen,de GER,"MF,DF",Hertha BSC,23,1997,0.9,20,3,1,100,2,1.06,0,0,0,0,238,0,0,0
Jan Luca Schuler,de GER,FW,Schalke 04,21,1999,0.4,5,1,0,,0,0,0,0,0.1,0.1,3,0,0,0
Anderson Lucoqui,ao ANG,DF,Arminia,23,1997,17.8,195,3,25,52,19,0.9,0.11,0,0.1,0.1,3647,0,0.1,6
Kilian Ludewig,de GER,DF,Schalke 04,20,2000,5.8,74,7,10,60,8,1.56,0,0,0,0,1738,0,0.3,5
Dodi Lukebakio,be BEL,"FW,MF",Hertha BSC,22,1997,20.6,364,81,68,58.8,27,2.09,0.34,5,6.9,5.3,1332,5,2.5,21
Andreas Luthe,de GER,GK,Union Berlin,33,1987,30.8,0,0,0,,0,0.07,0,0,0,0,16032,0,0,0
Tim Maciejewski,de GER,MF,Union Berlin,19,2001,0.1,2,1,0,,1,0,0,0,0,0,2,0,0,0
Luca Mack,de GER,MF,Stuttgart,20,2000,0.1,1,0,0,,0,0,0,0,0,0,10,0,0,0
Mikail Maden,no NOR,FW,Schalke 04,18,2002,0.1,1,0,1,0,0,0,0,0,0,0,0,0,0,0
Arne Maier,de GER,MF,Hertha BSC,21,1999,0.3,3,0,0,,2,6,0,0,0,0,108,0,0.2,1
Arne Maier,de GER,MF,Arminia,21,1999,11.5,158,15,13,76.9,19,2,0.17,0,0.4,0.4,1365,0,1.4,12
Yunus Mallı,tr TUR,MF,Wolfsburg,28,1992,0.6,7,1,2,0,1,3.1,0,0,0,0,62,0,0.1,2
Orel Mangala,be BEL,MF,Stuttgart,22,1998,23.4,351,42,85,72.9,42,2.26,0.21,1,1.4,1.4,4051,3,1.5,16
Omar Marmoush,eg EGY,FW,Wolfsburg,21,1999,0,1,1,0,,0,0,0,0,0,0,0,0,0,0
Aarón Martín,es ESP,DF,Mainz 05,23,1997,2.9,59,1,7,71.4,1,1.72,0,0,0,0,899,0,0.4,5
Javi Martínez,es ESP,"DF,MF",Bayern Munich,31,1988,5.2,42,6,1,0,7,0.58,0,0,0.3,0.3,1778,0,0.2,1
Josep Martinez,es ESP,GK,RB Leipzig,22,1998,1,0,0,0,,0,0,0,0,0,0,366,0,0,0
Omar Mascarell,es ESP,MF,Schalke 04,27,1993,19.6,110,4,20,70,9,0.61,0.05,1,0.3,0.3,3703,1,0.5,7
Roberto Massimo,de GER,"DF,FW",Stuttgart,19,2000,8.4,179,34,40,50,20,2.62,0.36,0,1.7,1.7,984,0,1.4,8
Jean-Philippe Mateta,fr FRA,FW,Mainz 05,23,1997,11.1,183,55,25,60,3,2.26,0.36,7,7.4,6.7,307,1,1.5,14
Rabbi Matondo,wal WAL,"FW,MF",Schalke 04,19,2000,2.4,36,3,8,25,3,1.64,0,0,0,0,56,0,0.1,3
Henning Matriciani,de GER,DF,Schalke 04,20,2000,0.3,1,0,0,,1,0,0,0,0,0,72,0,0,0
Konstantinos Mavropanos,gr GRE,DF,Stuttgart,22,1997,16.3,99,21,17,70.6,9,0.55,0.12,0,1.4,1.4,7314,0,0.3,4
Eric Maxim Choupo-Moting,cm CMR,"FW,MF",Bayern Munich,31,1989,9.1,183,52,24,75,6,2.3,0.11,3,3.2,3.2,404,0,1.6,11
Kevin Mbabu,ch SUI,DF,Wolfsburg,25,1995,18.2,389,28,64,54.7,43,1.64,0.11,0,0.5,0.5,6665,1,1.2,13
Jean-Manuel Mbom,de GER,"MF,DF",Werder Bremen,20,2000,12.9,143,16,16,50,17,1.47,0.16,0,0.5,0.5,1374,1,0.6,7
Nathan de Medina,be BEL,DF,Arminia,22,1997,7.1,77,3,10,50,3,0.7,0.14,0,0,0,1591,1,0.6,3
Joshua Mees,de GER,FW,Union Berlin,24,1996,0.1,5,2,0,,0,0,0,0,0.1,0.1,0,0,0,0
Admir Mehmedi,ch SUI,"MF,FW",Wolfsburg,29,1991,9.1,261,37,12,75,16,4.5,0.33,0,0.9,0.9,1392,2,2,17
Hamza Mendyl,ma MAR,FW,Schalke 04,22,1997,1.1,17,2,2,100,2,0,0,0,0.1,0.1,144,0,0,0
Levent Mercan,de GER,FW,Schalke 04,19,2000,0.1,0,0,0,,0,0,0,0,0,0,5,0,0,0
Jorge Meré,es ESP,DF,Köln,23,1997,14.4,22,2,1,100,2,0.35,0,0,0,0,3552,0,0.2,3
Thomas Meunier,be BEL,DF,Dortmund,28,1991,16.4,427,37,25,80,62,1.47,0.06,1,0.9,0.9,5553,1,1.7,13
Max Meyer,de GER,MF,Köln,24,1995,3.9,103,13,3,100,5,1.54,0,0,1,1,654,0,0.1,2
Jonas Michel Dirkner,de GER,MF,Hertha BSC,18,2002,0.2,0,0,0,,0,0,0,0,0,0,43,0,0,0
Jonas Michelbrink,de GER,MF,Hertha BSC,19,2001,0.4,9,3,0,,2,0,0,0,0,0,39,0,0,0
Maximilian Mittelstädt,de GER,DF,Hertha BSC,23,1997,20,336,21,41,65.9,29,1.85,0.1,0,0.8,0.8,5985,2,1.9,23
Anthony Modeste,fr FRA,"FW,MF",Köln,32,1988,2.5,27,12,1,0,1,1.63,0,0,1.8,1,43,0,0,1
Kevin Möhwald,de GER,MF,Werder Bremen,27,1993,17.3,191,14,22,68.2,17,1.68,0.17,5,1.3,1.3,3098,1,1,12
Niklas Moisander,fi FIN,DF,Werder Bremen,34,1985,13.6,19,2,5,60,3,0.22,0.07,0,0,0,5795,0,0,2
Alkhaly Momo Cissé,gn GUI,"DF,FW",Stuttgart,17,2002,0.4,10,1,2,0,1,2.37,0,0,0,0,35,0,0,1
Jan Morávek,cz CZE,MF,Augsburg,30,1989,3,42,2,0,,2,1.69,0,0,0.1,0.1,389,0,0,1
Mateu Morey,es ESP,DF,Dortmund,20,2000,9.2,245,4,9,44.4,26,2.06,0.33,0,0.1,0.1,3181,2,0.6,7
Youssoufa Moukoko,de GER,"FW,MF",Dortmund,15,2004,4.7,102,34,17,64.7,3,3.63,0.43,3,2.8,2.8,123,0,0.7,1
Nordi Mukiele,fr FRA,DF,RB Leipzig,22,1997,18.6,421,52,28,57.1,31,1.4,0.16,3,2.3,2.3,6573,1,1.5,10
Florian Müller,de GER,GK,Freiburg,22,1997,31,0,0,1,100,0,0.23,0.03,0,0,0,17236,0,0,1
Sebastian Müller,de GER,"MF,DF",Arminia,19,2001,0,0,0,0,,0,0,0,0,0,0,0,0,0,0
Thomas Müller,de GER,MF,Bayern Munich,30,1989,29.7,1013,216,50,70,52,4.81,0.98,11,7.1,6.4,5212,19,11.5,90
Petar Musa,hr CRO,FW,Union Berlin,22,1998,7.9,148,40,6,16.7,4,2.01,0.25,1,2.5,2.5,323,3,0.8,8
Jamal Musiala,de GER,"FW,MF",Bayern Munich,17,2003,9.8,317,68,60,61.7,26,3.47,0.61,6,3.1,3.1,1157,1,0.9,9
Shkodran Mustafi,de GER,DF,Schalke 04,28,1992,11.5,25,14,4,25,2,0.35,0,1,0.5,0.5,3704,0,0,1
Phillipp Mwene,at AUT,DF,Mainz 05,26,1994,18.6,271,14,21,52.4,21,1.99,0.16,1,0.2,0.2,3425,2,1.4,18
Obite N'Dicka,fr FRA,DF,Eint Frankfurt,20,1999,22.7,200,26,18,44.4,60,0.84,0.13,3,1.1,1.1,7579,1,0.3,5
Matija Nastasić,rs SRB,DF,Schalke 04,27,1993,13.6,16,10,1,100,1,0.22,0,0,0.3,0.3,3895,0,0,0
Paul Nebel,de GER,MF,Mainz 05,17,2002,0.6,8,0,2,50,0,0,0,0,0,0,97,0,0,0
Luca Netz,de GER,DF,Hertha BSC,17,2003,3.4,71,17,9,55.6,6,1.75,0.29,1,0.8,0.8,664,0,0.1,2
Manuel Neuer,de GER,GK,Bayern Munich,34,1986,33,0,0,2,100,0,0.12,0,0,0,0,17759,0,0.2,1
Florian Neuhaus,de GER,MF,M'Gladbach,23,1997,29.1,362,43,67,68.7,47,2.16,0.31,6,3.1,3.1,8857,5,2.4,22
Jessic Ngankam,de GER,FW,Hertha BSC,20,2000,3.3,47,12,9,66.7,1,0.91,0,2,0.5,0.5,92,0,0,1
Moussa Niakhate,fr FRA,DF,Mainz 05,24,1996,31.8,228,24,19,73.7,33,1.19,0.06,3,2.6,1.9,10864,1,2,15
Florian Niederlechner,de GER,FW,Augsburg,29,1990,19.3,205,84,31,61.3,9,1.45,0.26,5,6.7,6.7,770,4,3,13
Joakim Nilsson,se SWE,DF,Arminia,26,1994,24,32,14,5,80,3,0.29,0,0,0.4,0.4,5795,0,0.1,2
Christopher Nkunku,fr FRA,"FW,MF",RB Leipzig,22,1997,21,788,129,60,58.3,49,6.18,0.76,6,7.8,7.8,4047,6,7.5,71
Håvard Nordtveit,no NOR,DF,Hoffenheim,30,1990,7.8,16,4,5,80,6,0.77,0,0,0.2,0.2,3604,0,0.3,3
Alexander Nübel,de GER,GK,Bayern Munich,23,1996,1,0,0,0,,0,0,0,0,0,0,512,0,0,0
Kasim Nuhu,gh GHA,DF,Hoffenheim,25,1995,11,41,8,9,77.8,5,0.55,0.09,0,0.6,0.6,4711,0,0,1
Bastian Oczipka,de GER,DF,Schalke 04,31,1989,21.4,291,11,28,46.4,39,2.11,0.14,0,0.3,0.3,6596,2,1.5,27
Masaya Okugawa,jp JPN,MF,Arminia,24,1996,10.2,104,23,9,77.8,7,1.58,0.39,1,0.9,0.9,430,0,0.8,3
Dani Olmo,es ESP,"MF,FW",RB Leipzig,22,1998,24.4,723,109,65,36.9,53,4.27,0.78,5,7.6,7,4760,9,4.9,38
Karim Onisiwo,at AUT,FW,Mainz 05,28,1992,20.5,451,112,78,44.9,28,2.3,0.2,4,5.3,5.3,804,0,2.4,18
Willi Orban,hu HUN,DF,RB Leipzig,27,1992,26.3,171,37,13,69.2,32,0.69,0.11,4,3.5,3.5,11721,1,0.8,8
Stefan Ortega,de GER,GK,Arminia,27,1992,34,0,0,0,,0,0.53,0.09,0,0,0,32451,1,0.6,6
Yuya Osako,jp JPN,"MF,FW",Werder Bremen,30,1990,8.5,143,26,24,54.2,8,2.72,0.35,0,0.5,0.5,786,1,1.5,10
Paulo Otávio,br BRA,DF,Wolfsburg,25,1994,19.3,359,14,46,54.3,60,1.61,0.1,0,0.7,0.7,5205,2,1.9,16
Reece Oxford,eng ENG,DF,Augsburg,21,1998,15.1,44,14,5,80,5,0.27,0,0,0.7,0.7,4263,0,0.1,2
Salih Özcan,de GER,MF,Köln,22,1998,15.2,167,17,16,43.8,14,1.58,0.2,0,0.6,0.6,2394,1,0.7,12
Levin Öztunalı,de GER,"DF,FW",Mainz 05,24,1996,8.4,135,21,18,66.7,12,2.26,0.24,1,0.6,0.6,1375,2,0.9,10
Gonçalo Paciência,pt POR,FW,Schalke 04,25,1994,8.3,124,35,20,55,7,1.56,0.48,1,1.3,1.3,414,1,0.6,3
Exequiel Palacios,ar ARG,MF,Leverkusen,21,1998,6.4,79,4,5,80,3,2.36,0.16,0,0.1,0.1,1616,0,0.9,9
Matondo-Merveille Papela,de GER,DF,Mainz 05,19,2001,0,0,0,0,,0,0,0,0,0,0,9,0,0,0
Felix Passlack,de GER,DF,Dortmund,22,1998,4,78,7,6,50,7,1.49,0,1,0.9,0.9,981,0,0.2,3
Paulinho,br BRA,FW,Leverkusen,20,2000,0.7,17,4,3,66.7,1,1.38,0,0,0.3,0.3,33,0,0,0
Benjamin Pavard,fr FRA,DF,Bayern Munich,24,1996,21.6,546,33,7,71.4,40,1.3,0.09,0,0.4,0.4,9361,0,1.9,14
Jiří Pavlenka,cz CZE,GK,Werder Bremen,28,1992,34,1,1,1,100,0,0.03,0,0,0,0,16288,0,0,0
Vasileios Pavlidis,gr GRE,FW,Schalke 04,17,2002,0,0,0,0,,0,0,0,0,0,0,0,0,0,0
Mads Pedersen,dk DEN,DF,Augsburg,23,1996,9.9,116,8,27,51.9,12,1.93,0.1,0,0,0,2300,0,0.8,12
Peter Pekarík,sk SVK,DF,Hertha BSC,33,1986,18.8,307,20,11,72.7,25,1.06,0.05,3,1.4,1.4,4920,1,0.9,9
Philipp Pentke,de GER,GK,Hoffenheim,35,1985,3,0,0,0,,0,0,0,0,0,0,1248,0,0,0
Pavao Pervan,at AUT,GK,Wolfsburg,32,1987,2,0,0,0,,0,0,0,0,0,0,1013,0,0,0
Nils Petersen,de GER,FW,Freiburg,31,1988,14.5,185,56,14,35.7,1,1.66,0.07,8,6.4,5.6,431,0,1.5,9
Lukas Petkov,de GER,MF,Augsburg,19,2000,0,0,0,0,,0,0,0,0,0,0,0,0,0,0
Maximilian Philipp,de GER,MF,Wolfsburg,26,1994,12.3,229,44,19,73.7,10,2.35,0.32,6,3,3,827,2,1.5,15
Krzysztof Piątek,pl POL,FW,Hertha BSC,25,1995,18.1,264,84,17,41.2,6,1.21,0.17,7,6.7,5.9,601,1,1.3,10
Amos Pieper,de GER,DF,Arminia,22,1998,29.8,62,22,9,77.8,6,0.57,0.07,1,1,1,8151,1,0.5,7
Łukasz Piszczek,pl POL,DF,Dortmund,35,1985,5.1,45,6,4,50,10,1.38,0.2,0,0,0,1712,0,0.3,3
Marvin Plattenhardt,de GER,DF,Hertha BSC,28,1992,11.9,215,4,8,50,24,2.18,0.25,0,0.1,0.1,4077,2,1.3,11
Alassane Pléa,fr FRA,FW,M'Gladbach,27,1993,20,445,103,42,61.9,31,3.19,0.35,6,5.1,5.1,2060,1,3.9,27
Joel Pohjanpalo,fi FIN,FW,Union Berlin,25,1994,9.5,115,48,6,50,3,1.59,0.21,6,6.9,6.9,539,0,1.4,7
Joel Pohjanpalo,fi FIN,MF,Leverkusen,25,1994,0.1,2,0,0,,0,0,0,0,0,0,0,0,0,0
Marin Pongračić,hr CRO,DF,Wolfsburg,22,1997,6.4,6,2,2,50,1,0.63,0,0,0,0,1938,0,0,0
Stefan Posch,at AUT,DF,Hoffenheim,23,1997,23.5,214,16,15,53.3,26,1.02,0.04,0,0.8,0.8,8794,0,0.8,12
Yussuf Poulsen,dk DEN,FW,RB Leipzig,26,1994,15,289,78,40,65,10,2.46,0.47,5,5,5,966,4,2.8,14
Manuel Prietl,at AUT,MF,Arminia,28,1991,28,133,17,28,71.4,18,1.11,0.18,1,0.7,0.7,3547,1,1.4,8
Grischa Prömel,de GER,MF,Union Berlin,25,1995,20.2,194,32,21,61.9,15,1.88,0.15,3,1.9,1.9,2078,1,0.8,8
Robin Quaison,se SWE,"FW,MF",Mainz 05,26,1993,16.4,210,49,40,62.5,22,2.07,0.43,6,5.9,5.1,933,2,2.9,13
Nemanja Radonjić,rs SRB,"FW,DF",Hertha BSC,24,1996,6.8,187,33,36,61.1,14,3.09,0.88,1,1.8,1.8,1101,2,0.9,8
Benito Raman,be BEL,"FW,MF",Schalke 04,25,1994,13.8,209,42,23,52.2,9,2.09,0,2,2.3,2.2,1398,0,1.4,16
Milot Rashica,xk KVX,"FW,MF",Werder Bremen,24,1996,16.2,306,55,75,57.3,30,2.59,0.31,3,4.4,3.6,1131,2,1.7,18
Daishawn Redan,nl NED,"FW,MF",Hertha BSC,19,2001,1.1,20,6,4,50,1,2.65,0,0,0.6,0.6,87,0,0,1
Reinier,br BRA,"MF,FW",Dortmund,18,2002,2.9,56,11,4,75,1,2.45,0.35,1,0.9,0.9,293,1,0.4,4
Rocco Reitz,de GER,MF,M'Gladbach,18,2002,0.7,7,0,2,100,0,4.5,0,0,0,0,174,0,0.1,2
Marco Reus,de GER,"MF,FW",Dortmund,31,1989,25.3,772,168,75,54.7,47,3.63,0.47,8,10,7.4,3833,6,8.1,50
Elvis Rexhbeçaj,de GER,"MF,FW",Köln,22,1997,20.4,317,26,30,43.3,24,2.11,0.2,5,2.1,2.1,2868,2,2.3,26
Gio Reyna,us USA,"FW,MF",Dortmund,17,2002,22,638,121,88,55.7,49,3.14,0.46,4,4.5,4.5,2485,5,4.3,34
Chris Richards,us USA,DF,Hoffenheim,20,2000,10.5,25,6,4,75,1,1.05,0.1,0,0.2,0.2,3849,1,0.3,4
Chris Richards,us USA,DF,Bayern Munich,20,2000,1,21,0,0,,3,3.03,1.01,0,0,0,461,1,0.3,3
Marco Richter,de GER,"FW,MF",Augsburg,22,1997,15.7,337,61,79,57,26,2.92,0.38,3,4.9,4.9,1775,1,1.6,15
Marc Roca,es ESP,MF,Bayern Munich,23,1996,2,37,3,5,100,4,1.02,0,0,0.3,0.3,728,0,0,1
Sebastian Rode,de GER,MF,Eint Frankfurt,29,1990,18.1,278,13,9,77.8,32,2.38,0.39,1,0.1,0.1,4025,0,1.3,20
Jérôme Roussillon,fr FRA,DF,Wolfsburg,27,1993,13.7,240,28,22,54.5,28,1.39,0.22,0,0.6,0.6,3610,2,1.5,16
Sebastian Rudy,de GER,"MF,DF",Hoffenheim,30,1990,18.6,432,35,18,50,19,2.95,0.27,1,0.6,0.6,4374,3,2.2,29
Sebastian Rudy,de GER,DF,Schalke 04,30,1990,2,43,0,1,100,2,2,0,0,0,0,840,0,0.1,2
Georginio Rutter,fr FRA,FW,Hoffenheim,18,2002,2.7,65,15,14,57.1,2,2.61,0,1,0.4,0.4,151,0,0.2,2
Julian Ryerson,no NOR,"DF,MF",Union Berlin,22,1997,11.9,178,9,17,70.6,14,1.52,0,0,0.2,0.2,2421,2,1.3,10
Frederik Rønnow,dk DEN,GK,Schalke 04,27,1992,10.5,0,0,0,,0,0,0,0,0,0,4241,0,0,0
João Victor Santos Sá,br BRA,FW,Wolfsburg,26,1994,5.2,149,33,15,80,5,3.26,0.19,1,0.5,0.5,420,1,1,9
Marcel Sabitzer,at AUT,MF,RB Leipzig,26,1994,22.5,488,48,24,66.7,45,2.62,0.22,8,7.2,4.2,5777,3,2.3,29
Roland Sallai,hu HUN,"MF,FW",Freiburg,23,1997,18.5,358,61,49,32.7,41,2,0.49,8,6.8,6.1,2048,3,1.3,15
Lazar Samardzic,de GER,"MF,FW",RB Leipzig,18,2002,2.2,32,5,11,54.5,4,1.8,0.45,0,0,0,251,1,0.5,3
Diadie Samassékou,ml MLI,MF,Hoffenheim,24,1996,28.5,317,12,40,70,19,1.3,0.25,0,0.6,0.6,4349,2,1.1,9
Jadon Sancho,eng ENG,"FW,MF",Dortmund,20,2000,22.9,1064,134,163,55.8,81,5.46,0.96,8,7.4,6.6,5317,11,6.8,67
Leroy Sané,de GER,"FW,MF",Bayern Munich,24,1996,20.1,690,131,122,60.7,40,4.29,1.05,6,5.6,5.6,2405,9,6.4,36
Salif Sané,sn SEN,DF,Schalke 04,29,1990,11.9,30,15,9,77.8,2,0.59,0,0,0.4,0.4,3884,0,0.3,4
Mohamed Sankoh,nl NED,FW,Stuttgart,16,2003,0.2,1,1,0,,0,5.29,0,0,0,0,0,0,0,0
Baptiste Santamaria,fr FRA,MF,Freiburg,25,1995,24.5,313,46,38,57.9,19,1.51,0.16,1,1.9,1.9,3885,2,1.5,13
Josh Sargent,us USA,"FW,MF",Werder Bremen,20,2000,27.8,358,95,47,59.6,18,2.3,0.14,5,5.2,5.2,1384,2,3.8,30
Bouna Sarr,gn GUI,DF,Bayern Munich,28,1992,5,116,6,17,82.4,14,1.79,0.6,0,0.1,0.1,1830,1,0.1,3
Patrik Schick,cz CZE,FW,Leverkusen,24,1996,20.7,320,118,38,65.8,9,2.22,0.29,9,9.7,9.7,591,1,2.3,21
Sven Schipplock,de GER,"FW,MF",Arminia,31,1988,8.3,121,27,15,60,10,1.94,0.12,1,1.1,1.1,353,0,0.9,10
Xaver Schlager,at AUT,MF,Wolfsburg,22,1997,29.2,396,35,33,78.8,43,1.75,0.21,2,2.8,2.8,4872,4,3.3,21
Keven Schlotterbeck,de GER,DF,Freiburg,23,1997,18.4,36,14,5,80,1,0.33,0,0,0.6,0.6,5039,0,0.2,2
Nico Schlotterbeck,de GER,DF,Union Berlin,20,1999,14.3,83,24,13,69.2,21,1.05,0.07,1,1.3,1.3,4639,0,0.2,1
Jonathan Schmid,fr FRA,"DF,MF",Freiburg,30,1990,26.6,504,43,34,58.8,35,2.22,0.19,2,1.4,1.4,8892,2,2.1,26
Romano Schmid,at AUT,"FW,MF",Werder Bremen,20,2000,13.1,235,15,29,58.6,24,2.37,0.54,0,0.6,0.6,1813,3,1,13
Benno Schmitz,de GER,DF,Köln,25,1994,4.6,81,6,1,0,5,2.6,0.22,0,0.3,0.3,1634,1,0.4,5
Alessandro Schöpf,at AUT,"FW,MF",Schalke 04,26,1994,10.5,179,24,35,57.1,15,1.62,0.19,0,0.4,0.4,960,0,0.4,4
Nico Schulz,de GER,DF,Dortmund,27,1993,6.8,141,14,8,0,16,1.77,0.59,0,0.1,0.1,2145,0,0.3,5
Alexander Schwolow,de GER,GK,Hertha BSC,28,1992,26,0,0,1,100,0,0.08,0,0,0,0,12459,0,0,1
Christopher Scott,de GER,"FW,MF",Bayern Munich,18,2002,0.4,5,0,1,100,1,0,0,0,0,0,22,0,0,0
Davie Selke,de GER,FW,Werder Bremen,25,1995,9,172,58,11,36.4,4,2.21,0.11,3,3.6,2.8,424,1,0.7,7
Suat Serdar,de GER,MF,Schalke 04,23,1997,21.7,227,45,60,60,21,1.43,0.14,1,2.2,2.2,2215,3,1.5,15
Ryan Sessegnon,eng ENG,DF,Hoffenheim,20,2000,17.5,344,32,32,43.8,34,1.49,0.17,2,0.6,0.6,4628,3,1.8,16
Nils Seufert,de GER,"MF,FW",Arminia,23,1997,3.8,64,6,5,80,4,1.57,0.26,0,0,0,444,1,0.3,4
Tim Siersleben,de GER,DF,Wolfsburg,20,2000,0.4,1,1,0,,0,0,0,0,0.1,0.1,91,0,0,0
André Silva,pt POR,FW,Eint Frankfurt,24,1995,30.7,643,202,58,51.7,32,2.48,0.46,28,24.3,18.9,1487,7,5.5,29
Jóan Símun Edmundsson,fo FRO,"MF,FW",Arminia,29,1991,0.6,10,3,0,,1,0,0,1,0.5,0.5,43,0,0,0
Daley Sinkgraven,nl NED,DF,Leverkusen,25,1995,17.4,293,19,44,79.5,44,1.95,0.17,0,0.4,0.4,6197,0,0.7,14
Tobias Sippel,de GER,GK,M'Gladbach,32,1988,3.8,0,0,0,,0,0,0,0,0,0,2488,0,0,0
Ellyes Skhiri,tn TUN,MF,Köln,25,1995,30.9,261,29,24,58.3,22,1.29,0.13,5,3.9,3.9,7367,2,1.1,17
Robert Skov,dk DEN,"FW,DF",Hoffenheim,24,1996,12.9,327,33,35,51.4,20,2.24,0.08,1,2.1,2.1,1884,0,1.3,15
Steven Skrzybski,de GER,"FW,DF",Schalke 04,27,1992,4.7,88,12,7,71.4,5,1.72,0.21,0,1.3,0.5,516,0,0.1,2
Yann Sommer,ch SUI,GK,M'Gladbach,31,1988,30.1,0,0,0,,0,0,0,0,0,0,13362,0,0,0
Borna Sosa,hr CRO,DF,Stuttgart,22,1998,22.7,610,47,47,68.1,50,3.31,0.44,0,0.6,0.6,6758,9,5.9,57
Cebio Soukou,bj BEN,"FW,MF",Arminia,27,1992,5.1,75,10,15,33.3,4,1.57,0,1,0.8,0.8,288,0,0.1,4
Djibril Sow,ch SUI,MF,Eint Frankfurt,23,1997,24.2,302,22,28,64.3,38,1.66,0.21,0,0.6,0.6,4660,2,1.6,19
Jerry St. Juste,nl NED,DF,Mainz 05,23,1996,32,153,30,33,78.8,25,0.81,0.12,0,2,2,8655,1,0.2,5
Benjamin Stambouli,fr FRA,"MF,DF",Schalke 04,29,1990,21.7,124,5,24,79.2,18,0.92,0.14,0,0.1,0.1,6491,2,0.5,8
Josip Stanišić,de GER,DF,Bayern Munich,20,2000,1,16,2,0,,0,0,0,0,0.2,0.2,280,0,0,0
Niklas Stark,de GER,"DF,MF",Hertha BSC,25,1995,31,108,27,3,66.7,14,0.32,0,0,0.9,0.9,8379,0,0.2,4
Renato Steffen,ch SUI,"FW,MF",Wolfsburg,28,1991,17.4,335,54,19,63.2,35,2.82,0.46,5,4.3,4.3,2196,4,2.5,19
Pascal Stenzel,de GER,DF,Stuttgart,24,1996,14.2,119,6,13,69.2,7,0.71,0.07,0,0.1,0.1,7498,1,0.3,3
Lars Stindl,de GER,"MF,FW",M'Gladbach,31,1988,21.8,452,65,14,42.9,29,3.49,0.55,14,10,4.7,3329,8,5.6,44
Kevin Stöger,at AUT,"MF,FW",Mainz 05,26,1993,6,182,13,5,100,13,3.35,0,3,1.6,1.6,1683,0,0.9,10
Tobias Strobl,de GER,MF,Augsburg,30,1990,20.5,147,21,15,53.3,8,1.22,0.05,0,0.5,0.5,3661,0,0.9,14
Marek Suchý,cz CZE,DF,Augsburg,32,1988,3.4,1,0,0,,1,0,0,0,0,0,873,0,0,0
Niklas Süle,de GER,DF,Bayern Munich,24,1995,16.7,187,26,12,66.7,32,1.61,0.24,1,1.1,1.1,8251,0,0.3,8
Ádám Szalai,hu HUN,FW,Mainz 05,32,1987,8.1,169,52,18,66.7,4,1.47,0,1,2.2,2.2,512,0,0.6,5
Frederik Sørensen,dk DEN,DF,Köln,28,1992,1.1,3,2,2,100,0,0.91,0,0,0,0,428,0,0.1,1
Alexander Sørloth,no NOR,FW,RB Leipzig,24,1995,16,391,122,32,62.5,27,3.74,0.25,5,6.4,5.7,962,3,2.2,26
Jonathan Tah,de GER,DF,Leverkusen,24,1996,24.7,111,23,8,87.5,10,0.2,0,1,0.8,0.8,9981,0,0.1,2
Edmond Tapsoba,bf BFA,DF,Leverkusen,21,1999,29.5,127,22,25,72,34,0.85,0.03,1,1.1,1.1,16066,0,0.5,3
Niklas Tauer,de GER,"MF,DF",Mainz 05,19,2001,0.8,8,1,0,,0,1.3,0,0,0,0,196,0,0,1
Lino Tempelmann,de GER,"MF,DF",Freiburg,21,1999,3,51,2,3,66.7,2,1,0,0,0.2,0.2,488,0,0,1
Cedric Teuchert,de GER,"FW,MF",Union Berlin,23,1997,8.4,150,34,24,41.7,16,2.15,0.36,3,3.3,3.3,781,1,1,8
Malick Thiaw,de GER,DF,Schalke 04,18,2001,16.1,47,14,2,50,3,0.37,0,1,0.5,0.5,4134,0,0.1,2
Jan Thielmann,de GER,"FW,MF",Köln,18,2002,11.4,225,21,8,62.5,11,1.66,0.26,2,1.1,1.1,1201,3,0.7,9
Erik Thommy,de GER,"DF,FW",Stuttgart,25,1994,3.5,95,14,6,50,8,3.16,0.58,0,0.5,0.5,471,2,0.9,7
Marcus Thuram,fr FRA,FW,M'Gladbach,22,1997,19.2,387,113,63,65.1,37,2.55,0.57,8,7.8,7.8,1408,3,2,14
Steffen Tigges,de GER,FW,Dortmund,22,1998,0.6,12,4,0,,0,1.61,0,0,0.2,0.2,78,0,0,0
Guus Til,nl NED,FW,Freiburg,22,1997,1.4,22,8,0,,0,0.72,0,0,0.3,0.3,44,0,0,1
Corentin Tolisso,fr FRA,MF,Bayern Munich,25,1994,8.7,150,25,9,66.7,11,2.19,0.23,1,2.3,2.3,2625,0,0.5,9
Ömer Toprak,tr TUR,DF,Werder Bremen,31,1989,21.6,47,15,17,70.6,8,0.37,0,2,0.9,0.9,5850,0,0,1
Jordan Torunarigha,de GER,DF,Hertha BSC,22,1997,10.8,43,9,7,71.4,4,0.65,0.09,0,0.1,0.1,4375,0,0.7,4
Almamy Touré,ml MLI,DF,Eint Frankfurt,24,1996,7.8,190,26,19,68.4,14,3.2,0.38,1,1.1,1.1,2003,1,1.2,12
Lucas Tousart,fr FRA,MF,Hertha BSC,23,1997,23.2,156,24,19,63.2,22,1.29,0.26,1,1.5,1.5,3465,0,1,7
Ibrahima Traoré,gn GUI,"FW,DF",M'Gladbach,32,1988,1.1,30,4,3,33.3,1,0.92,0,0,0,0,135,0,0.2,1
Kevin Trapp,de GER,GK,Eint Frankfurt,30,1990,33,0,0,0,,0,0.03,0,0,0,0,19176,0,0,0
Christopher Trimmel,at AUT,DF,Union Berlin,33,1987,28.6,562,16,20,50,44,2.69,0.42,1,0.3,0.3,9056,9,4.9,55
Tuta,br BRA,DF,Eint Frankfurt,21,1999,16.2,102,10,7,85.7,21,0.74,0.19,0,0.1,0.1,6042,0,0.3,4
Dayot Upamecano,fr FRA,DF,RB Leipzig,21,1998,25.9,87,27,16,62.5,18,0.93,0.04,1,1,1,13305,0,0.9,8
Mark Uth,de GER,"FW,MF",Schalke 04,28,1991,16.6,282,45,44,40.9,16,2.77,0.24,3,2.8,2.8,1939,1,1.2,22
Ruben Vargas,ch SUI,"MF,FW",Augsburg,21,1998,17.9,350,69,86,50,42,2.29,0.17,6,3.8,3.8,1623,3,2.7,25
Miloš Veljković,rs SRB,DF,Werder Bremen,24,1995,19.1,34,7,0,,1,0.21,0,0,0.5,0.5,5577,0,0,1
Michel Vlap,nl NED,"MF,FW",Arminia,23,1997,4.1,62,11,5,80,5,2.67,0.49,1,0.3,0.3,388,1,0.6,8
Andreas Voglsammer,de GER,"FW,MF",Arminia,28,1992,11.1,212,63,14,50,9,2.16,0.27,2,3.5,3.5,697,2,1.8,9
Kevin Vogt,de GER,DF,Hoffenheim,28,1991,20.5,24,1,4,75,7,0.64,0.1,0,0,0,11628,1,0.6,4
Silas Wamangituka,cd COD,"DF,FW",Stuttgart,20,1999,21.3,412,108,96,58.3,33,2.86,0.47,11,7.3,5.1,1598,4,5.1,23
Wout Weghorst,nl NED,FW,Wolfsburg,27,1992,32.7,531,201,32,65.6,21,2.17,0.37,20,17.9,15.8,1490,8,4.9,41
Mitchell Weiser,de GER,DF,Leverkusen,26,1994,2.5,65,11,4,50,4,0.8,0.4,1,0.1,0.1,914,0,0,0
Wendell,br BRA,DF,Leverkusen,27,1993,16.2,274,18,22,59.1,28,0.68,0.12,0,0.6,0.6,4969,0,0.1,1
Oscar Wendt,se SWE,DF,M'Gladbach,34,1985,13.9,203,16,3,100,9,1.15,0.07,1,1,1,3932,1,1,8
William,br BRA,FW,Wolfsburg,25,1995,0,1,0,0,,0,0,0,0,0,0,0,0,0,0
William,br BRA,"DF,FW",Schalke 04,25,1995,5.3,80,13,12,41.7,7,0.95,0,0,0.3,0.3,888,0,0,2
Marten Winkler,de GER,FW,Hertha BSC,17,2002,0,1,0,0,,0,0,0,0,0,0,0,0,0,0
Florian Wirtz,de GER,MF,Leverkusen,17,2003,24.7,540,84,92,67.4,48,3.48,0.4,5,4.4,4.4,3531,6,4.6,49
Axel Witsel,be BEL,MF,Dortmund,31,1989,12.6,137,11,13,69.2,20,1.51,0.08,0,1,1,2946,0,0.6,5
Hannes Wolf,at AUT,"MF,FW",M'Gladbach,21,1999,15.3,292,50,36,52.8,27,2.16,0.52,3,2,2,1492,2,2.7,17
Marius Wolf,de GER,"DF,MF",Köln,25,1995,28.3,510,80,83,54.2,41,1.94,0.28,2,3.5,3.5,6765,2,3.2,22
Nick Woltemade,de GER,"MF,FW",Werder Bremen,18,2002,1.6,35,9,7,28.6,3,3.06,0.61,0,0.6,0.6,115,1,0.3,3
Jeong Woo-yeong,kr KOR,"FW,MF",Freiburg,20,1999,9.1,222,38,19,57.9,15,2.95,0.11,4,1.7,1.7,1441,0,1.5,16
Joscha Wosz,de GER,"DF,FW",RB Leipzig,18,2002,0.4,6,0,1,0,1,2.65,0,0,0,0,59,0,0,0
Reinhold Yabo,de GER,"MF,FW",Arminia,28,1992,7.2,91,11,8,37.5,10,0.97,0,1,0.6,0.6,527,0,0,1
Amin Younes,de GER,"MF,FW",Eint Frankfurt,26,1993,15.5,423,60,88,70.5,31,3.49,0.45,3,3.4,3.4,3156,3,1.7,23
Dan-Axel Zagadou,fr FRA,DF,Dortmund,21,1999,3.1,2,1,3,66.7,0,0,0,0,0,0,1376,0,0,0
Denis Zakaria,ch SUI,"MF,DF",M'Gladbach,23,1996,15.8,111,17,36,72.2,14,1.14,0.06,1,1.3,1.3,2764,1,1.1,9
Deyovaisio Zeefuik,nl NED,"DF,MF",Hertha BSC,22,1998,10.1,187,26,32,40.6,18,2.69,0,1,0,0,2299,0,1.7,14
Robin Zentner,de GER,GK,Mainz 05,25,1994,31,4,1,1,100,0,0.13,0,0,0.1,0.1,13230,0,0.3,1
Ron-Robert Zieler,de GER,GK,Köln,31,1989,0.6,0,0,0,,0,0,0,0,0,0,390,0,0,0
Joshua Zirkzee,nl NED,FW,Bayern Munich,19,2001,1,23,5,0,,0,1.96,0,0,0.4,0.4,15,0,0.2,1
Steven Zuber,ch SUI,"DF,MF",Eint Frankfurt,28,1991,6.5,194,24,24,58.3,15,3.38,0.62,0,0.8,0.8,1510,3,1.9,13